{
	"credit": "Made with Blockbench",
	"parent": "block/block",
	"textures": {
		"bot_lightbulb": "simplylight:blocks/omni",
		"particle": "simplylight:blocks/omni_bloom",
		"top_lightbulb": "simplylight:blocks/omni_bloom"
	},
	"elements": [
		{
            "shade": false,
			"from": [6, 0, 6],
			"to": [10, 1, 10],
			"faces": {
				"north": {"uv": [6, 11, 10, 12], "texture": "#bot_lightbulb"},
				"east": {"uv": [6, 11, 10, 12], "texture": "#bot_lightbulb"},
				"south": {"uv": [6, 11, 10, 12], "texture": "#bot_lightbulb"},
				"west": {"uv": [6, 11, 10, 12], "texture": "#bot_lightbulb"},
				"up": {"uv": [10, 7, 14, 11], "texture": "#bot_lightbulb"},
				"down": {"uv": [6, 7, 10, 11], "texture": "#bot_lightbulb"}
			}
		},
		{
            "shade": false,
			"from": [7, 2, 7],
			"to": [9, 5, 9],
			"faces": {
				"north": {"uv": [10, 11, 12, 14], "texture": "#bot_lightbulb"},
				"east": {"uv": [12, 11, 14, 14], "texture": "#bot_lightbulb"},
				"south": {"uv": [10, 11, 12, 14], "texture": "#bot_lightbulb"},
				"west": {"uv": [12, 11, 14, 14], "texture": "#bot_lightbulb"},
				"up": {"uv": [14, 11, 16, 13], "texture": "#bot_lightbulb"},
				"down": {"uv": [14, 13, 16, 15], "texture": "#bot_lightbulb"}
			}
		},
		{
            "shade": false,
			"from": [7, 1, 7],
			"to": [9, 2, 9],
			"faces": {
				"north": {"uv": [10, 14, 12, 15], "texture": "#bot_lightbulb"},
				"east": {"uv": [12, 14, 14, 15], "texture": "#bot_lightbulb"},
				"south": {"uv": [10, 14, 12, 15], "texture": "#bot_lightbulb"},
				"west": {"uv": [12, 14, 14, 15], "texture": "#bot_lightbulb"},
				"up": {"uv": [12, 14, 14, 15], "texture": "#bot_lightbulb"},
				"down": {"uv": [14, 13, 16, 15], "texture": "#bot_lightbulb"}
			}
		},
		{
            "shade": false,
			"from": [7, 2, 7],
			"to": [9, 5, 9],
			"faces": {
				"north": {"uv": [10, 11, 12, 14], "texture": "#top_lightbulb"},
				"east": {"uv": [12, 11, 14, 14], "texture": "#top_lightbulb"},
				"south": {"uv": [10, 11, 12, 14], "texture": "#top_lightbulb"},
				"west": {"uv": [12, 11, 14, 14], "texture": "#top_lightbulb"},
				"up": {"uv": [14, 11, 16, 13], "texture": "#top_lightbulb"},
				"down": {"uv": [14, 13, 16, 15], "texture": "#top_lightbulb"}
			}
		}
	],
	"display": {
		"thirdperson_righthand": {
			"translation": [0, 8, 0]
		},
		"thirdperson_lefthand": {
			"translation": [0, 8, 0]
		},
		"firstperson_righthand": {
			"translation": [0, 8, 0]
		},
		"firstperson_lefthand": {
			"translation": [0, 8, 0]
		}
	}
}
