﻿{
	"credit": "Made with Blockbench",
	"parent": "block/block",
	"ambientocclusion": false,
	"textures": {
		"bot_wall_lamp": "simplylight:blocks/omni",
		"top_wall_lamp": "simplylight:blocks/omni_bloom",
		"particle": "simplylight:blocks/omni"
	},
	"elements": [
		{
            "shade": false,
			"from": [4, 6, 0],
			"to": [12, 10, 3],
			"faces": {
				"north": {"uv": [0, 0, 8, 4], "texture": "bot_wall_lamp"},
				"east": {"uv": [3, 7, 6, 11], "texture": "bot_wall_lamp"},
				"south": {"uv": [8, 0, 16, 4], "texture": "bot_wall_lamp"},
				"west": {"uv": [0, 7, 3, 11], "texture": "bot_wall_lamp"},
				"up": {"uv": [0, 4, 8, 7], "texture": "bot_wall_lamp"},
				"down": {"uv": [8, 4, 16, 7], "texture": "bot_wall_lamp"}
			}
		},
		{
            "shade": false,
			"from": [4, 6, 0],
			"to": [12, 10, 3],
			"faces": {
				"north": {"uv": [0, 0, 8, 4], "texture": "top_wall_lamp"},
				"east": {"uv": [3, 7, 6, 11], "texture": "top_wall_lamp"},
				"south": {"uv": [8, 0, 16, 4], "texture": "top_wall_lamp"},
				"west": {"uv": [0, 7, 3, 11], "texture": "top_wall_lamp"},
				"up": {"uv": [0, 4, 8, 7], "texture": "top_wall_lamp"},
				"down": {"uv": [8, 4, 16, 7], "texture": "top_wall_lamp"}
			}
		}
	]
}
